Curr Rank,Prev Rank,Drug Name,Category,Utilizers,Claims,Plan Cost,% of Total Plan Cost,Plan Cost PMPM,Plan Cost/Claim*,Member Cost/Claim,Member Cost Share,Prev Utilizers,Prev Claims,Prev Plan Cost,Claims PMPM Trend*,Plan Cost/Claim Trend*,Plan Cost PMPM Trend,Plan Cost Trend,Srx
1,18,MOUNJARO,Diabetes,7812,54218,51838552.35,0.062,9.16,900.13,33.83,0.034,5216,7080,6296048.11,6.073,0.042,6.371,7.234,N
2,1,HUMIRA,Inflammatory Disorder,899,7057,50498194.86,0.060,8.92,7148.67,927.40,0.115,920,7150,45587843.11,-0.116,0.121,-0.008,0.108,Y
3,3,STELARA,Inflammatory Disorder,276,1188,23055438.25,0.027,4.07,10829.23,2145.43,0.100,251,1118,21234652.16,-0.068,0.043,-0.028,0.086,Y
4,4,TRULICITY,Diabetes,3533,19569,20053132.60,0.024,3.54,808.72,41.56,0.039,3859,19037,20644961.04,-0.163,0.038,-0.130,-0.029,N
5,5,BIKTARVY,HIV Infection,610,3716,19593281.98,0.023,3.46,3513.23,336.07,0.060,562,3521,16967417.94,-0.025,0.060,0.034,0.155,N
6,7,DUPIXENT,Skin - Immunosuppressant,953,6724,18950695.46,0.023,3.35,2734.19,931.83,0.248,667,4866,12741533.63,0.261,0.056,0.332,0.487,Y
7,9,SKYRIZI,Inflammatory Disorder,349,1115,18347073.40,0.022,3.24,6339.69,2973.38,0.153,226,710,10887503.22,0.413,0.067,0.509,0.685,Y
8,2,OZEMPIC,Diabetes,2682,13639,15013218.24,0.018,2.65,796.33,89.84,0.075,7252,30330,31287611.79,-0.593,0.055,-0.570,-0.520,N
9,6,ENBREL,Inflammatory Disorder,305,2384,13794762.57,0.016,2.44,5767.04,1077.05,0.157,332,2563,12890636.84,-0.166,0.149,-0.042,0.070,Y
10,10,DESCOVY,HIV Infection,822,4842,13465955.84,0.016,2.38,2043.39,127.65,0.044,705,3947,10287088.92,0.066,0.099,0.172,0.309,N
11,8,JARDIANCE,Diabetes,3620,16155,13439216.94,0.016,2.37,480.40,54.42,0.061,2841,13388,10955671.72,0.080,0.017,0.098,0.227,N
12,21,RINVOQ,Inflammatory Disorder,316,2173,11703277.16,0.014,2.07,5385.77,932.04,0.148,210,1255,5898812.00,0.543,0.151,0.776,0.984,Y
13,11,KEYTRUDA,Oncology,116,646,9646625.16,0.012,1.70,14932.86,1400.94,0.086,110,660,9454387.50,-0.124,0.042,-0.087,0.020,Y
14,12,VYVANSE,Attention Deficit,5948,29800,9287355.13,0.011,1.64,305.33,50.11,0.139,5066,31263,9408842.12,-0.151,0.041,-0.116,-0.013,N
15,14,FARXIGA,Diabetes,2567,11334,9031631.35,0.011,1.60,459.23,54.11,0.064,1996,9293,7202119.82,0.120,0.002,0.123,0.254,N
16,15,TALTZ,Inflammatory Disorder,194,1471,9014980.32,0.011,1.59,6128.47,1203.29,0.164,182,1171,7101631.94,0.125,0.011,0.136,0.269,Y
17,13,TREMFYA,Inflammatory Disorder,200,773,8733594.37,0.010,1.54,5834.06,1984.82,0.149,175,667,7366031.19,0.070,-0.008,0.061,0.186,Y
18,17,TRIKAFTA,Lung Disorders,41,379,8198416.93,0.010,1.45,21518.15,3326.33,0.133,34,362,6799243.34,-0.058,0.146,0.079,0.206,Y
19,23,ELIQUIS,Anticoagulation,2644,11561,7670790.91,0.009,1.36,450.16,46.02,0.065,1995,8775,5685396.51,0.166,0.036,0.208,0.349,N
20,19,OCREVUS,Multiple Sclerosis,134,229,6932708.53,0.008,1.22,27842.20,5268.50,0.148,113,216,6256399.49,-0.022,0.015,-0.008,0.108,Y
21,20,OTEZLA,Inflammatory Disorder,293,1851,6452334.36,0.008,1.14,3485.86,1085.23,0.237,285,1839,6083122.37,-0.099,0.054,-0.050,0.061,Y
22,26,OPDIVO,Oncology,53,471,6136221.22,0.007,1.08,13028.07,1020.21,0.073,62,560,4904869.88,-0.247,0.487,0.120,0.251,Y
23,31,NURTEC ODT,Migraine - CGRP Inhibitors,1164,4701,5817939.90,0.007,1.03,1231.83,69.74,0.053,944,3623,3990537.43,0.151,0.134,0.305,0.458,N
24,166,UNKNOWN,UNKNOWN,20937,27304,5631153.45,0.007,0.99,187.99,6.00,0.028,1372,1806,775109.04,13.751,-0.559,5.504,6.265,N
25,24,ENTYVIO,Inflammatory Disorder,192,1027,5210785.95,0.006,0.92,5039.44,2179.80,0.301,194,1076,5379738.39,-0.151,0.021,-0.133,-0.031,Y
26,37,UBRELVY,Migraine - CGRP Inhibitors,1163,4416,4901617.67,0.006,0.87,1095.58,60.36,0.052,988,3461,3473139.29,0.137,0.111,0.263,0.411,N
27,27,GENVOYA,HIV Infection,142,699,4706407.71,0.006,0.83,3639.91,206.41,0.030,161,821,4870943.16,-0.203,0.085,-0.135,-0.034,N
28,28,XARELTO,Anticoagulation,1303,5787,4617711.91,0.006,0.82,452.50,80.93,0.092,1436,6335,4851270.81,-0.186,0.047,-0.148,-0.048,N
29,29,HUMALOG,Diabetes,954,4756,4615167.33,0.006,0.82,636.40,41.16,0.041,919,5080,4750035.60,-0.119,-0.013,-0.130,-0.028,N
30,35,EMTRICITABINE-TENOFOVIR DISOP,HIV Infection,534,2048,4491769.42,0.005,0.79,1159.76,1.98,0.001,454,1688,3690009.47,0.128,-0.034,0.090,0.217,N
31,25,JANUVIA,Diabetes,1375,5821,4438692.00,0.005,0.78,441.05,52.54,0.064,1444,6535,5015173.04,-0.225,0.023,-0.208,-0.115,N
32,33,LINZESS,Bowel Disease,2140,6672,4366124.77,0.005,0.77,441.83,62.94,0.088,1936,6255,3840614.06,-0.029,0.048,0.018,0.137,N
33,32,HEMLIBRA,Bleeding Disorders,8,139,4331598.90,0.005,0.77,31162.58,700.36,0.022,12,140,3924263.84,-0.111,0.112,-0.012,0.104,Y
34,49,VRAYLAR,Psychiatric Disorders,713,2680,4310387.60,0.005,0.76,1230.13,85.07,0.050,452,1826,2803382.04,0.330,0.035,0.377,0.538,N
35,67,OMNITROPE,Growth Disorders,94,768,4019274.96,0.005,0.71,5233.43,148.92,0.028,73,491,2310428.13,0.400,0.112,0.557,0.740,Y
36,81,VERZENIO,Oncology,52,351,3810065.26,0.005,0.67,10854.89,3645.50,0.251,26,180,1849473.28,0.746,0.056,0.844,1.060,Y
37,59,DOVATO,HIV Infection,162,940,3765859.49,0.005,0.67,2668.93,176.82,0.042,115,673,2442458.52,0.284,0.075,0.380,0.542,N
38,36,DEXCOM G6 SENSOR,Diabetic Testing,1561,7537,3737423.35,0.004,0.66,323.70,26.81,0.051,1479,7466,3506202.98,-0.077,0.033,-0.046,0.066,N
39,34,TRIUMEQ,HIV Infection,118,622,3642975.40,0.004,0.64,3299.80,294.99,0.048,136,717,3725570.13,-0.183,0.072,-0.125,-0.022,N
40,62,DARZALEX FASPRO,Oncology,35,331,3582882.49,0.004,0.63,10824.42,814.56,0.070,31,299,2395006.25,-0.009,0.351,0.339,0.496,Y
41,53,TRELEGY ELLIPTA,Asthma - COPD,1353,5349,3569078.73,0.004,0.63,559.77,51.98,0.072,1023,4038,2645371.78,0.186,0.019,0.208,0.349,N
42,39,COSENTYX,Inflammatory Disorder,85,628,3483151.13,0.004,0.62,5546.42,1615.62,0.226,92,603,3278433.84,-0.068,0.020,-0.049,0.062,Y
43,45,BOTOX,Neuromuscular Disorders,1052,3758,3198760.31,0.004,0.57,756.92,36.82,0.041,972,3376,2897864.77,0.113,-0.112,-0.012,0.104,Y
44,40,OCTAGAM,Immunological Disorders,85,883,3186094.76,0.004,0.56,3608.26,3.52,0.001,80,864,3127708.79,-0.085,-0.003,-0.088,0.019,Y
45,38,TYSABRI,Multiple Sclerosis,64,511,3165479.13,0.004,0.56,6194.68,1513.60,0.196,61,593,3375003.90,-0.229,0.088,-0.160,-0.062,Y
46,54,EMGALITY,Migraine - CGRP Inhibitors,737,4779,3125342.88,0.004,0.55,619.12,54.39,0.077,664,4162,2627166.69,0.021,0.044,0.065,0.190,N
47,56,FABRAZYME,Enzyme Deficiency,9,197,3117689.35,0.004,0.55,15825.83,1829.96,0.104,8,168,2606344.15,0.050,0.020,0.071,0.196,Y
48,47,TRINTELLIX,Depression,1147,5391,3103083.16,0.004,0.55,381.31,87.32,0.132,1168,5253,2861001.12,-0.071,0.046,-0.029,0.085,N
49,68,REXULTI,Psychiatric Disorders,428,1914,3099757.57,0.004,0.55,1252.93,107.45,0.062,365,1512,2298262.66,0.134,0.065,0.207,0.349,N
50,16,RYBELSUS,Diabetes,690,2745,2896283.04,0.003,0.51,811.97,84.04,0.074,1547,6673,6880302.82,-0.634,0.029,-0.623,-0.579,N
51,60,TAKHZYRO,Hereditary Angioedema,8,84,2892137.26,0.003,0.51,34430.21,8299.19,0.194,7,78,2432159.24,-0.036,0.104,0.065,0.189,Y
52,46,ODEFSEY,HIV Infection,87,519,2872782.16,0.003,0.51,3298.26,188.05,0.033,98,625,2871515.65,-0.166,0.074,-0.104,0.000,N
53,22,REVLIMID,Oncology,36,192,2814405.59,0.003,0.50,14658.36,2051.19,0.123,46,328,5741258.38,-0.476,-0.163,-0.561,-0.510,Y
54,51,SPRYCEL,Oncology,27,245,2800204.63,0.003,0.49,11429.41,2018.58,0.150,24,242,2692294.92,-0.094,0.027,-0.069,0.040,Y
55,44,XOLAIR,Asthma - COPD,209,1890,2795479.13,0.003,0.49,1473.63,793.44,0.349,191,1924,2910899.47,-0.119,-0.024,-0.140,-0.040,Y
56,76,ENTRESTO,Heart Failure,656,3095,2788721.46,0.003,0.49,561.22,69.25,0.071,488,2379,1973239.82,0.206,0.049,0.265,0.413,N
57,69,GAMUNEX-C,Immunological Disorders,55,788,2714852.02,0.003,0.48,3445.24,240.69,0.065,50,789,2296370.31,-0.106,0.184,0.058,0.182,Y
58,42,PERJETA,Oncology,48,328,2714408.55,0.003,0.48,8275.64,1440.14,0.148,49,370,2958642.46,-0.206,0.035,-0.179,-0.083,Y
59,48,ADVAIR DISKUS,Asthma - COPD,1923,5611,2708203.56,0.003,0.48,357.09,12.80,0.026,1951,5563,2839840.12,-0.142,-0.005,-0.146,-0.046,N
60,66,ORENCIA,Inflammatory Disorder,113,825,2682925.13,0.003,0.47,3232.44,1147.86,0.261,98,725,2345543.13,0.025,-0.001,0.024,0.144,Y
61,58,SYMBICORT,Asthma - COPD,2481,7037,2602475.69,0.003,0.46,315.83,43.35,0.105,2405,6927,2461522.31,-0.090,0.040,-0.053,0.057,N
62,63,IBRANCE,Oncology,31,212,2601701.23,0.003,0.46,12272.18,2604.31,0.175,26,211,2374236.53,-0.100,0.091,-0.019,0.096,Y
63,101,KRYSTEXXA,Gout,9,102,2598044.97,0.003,0.46,25471.03,1222.96,0.046,8,60,1559187.89,0.522,-0.020,0.492,0.666,Y
64,41,HUMALOG KWIKPEN U-100,Diabetes,1002,3613,2522065.00,0.003,0.45,504.72,36.51,0.050,1134,4424,3110013.69,-0.269,-0.006,-0.274,-0.189,N
65,50,TRESIBA FLEXTOUCH U-200,Diabetes,639,2910,2476434.78,0.003,0.44,561.04,63.83,0.070,660,3247,2750251.54,-0.171,-0.027,-0.194,-0.100,N
66,64,PROLIA,Osteoporosis,829,1580,2400493.24,0.003,0.42,1350.11,561.25,0.270,887,1641,2361745.64,-0.146,0.065,-0.090,0.016,Y
67,79,CIMZIA,Inflammatory Disorder,102,731,2373364.99,0.003,0.42,3185.72,1019.78,0.239,97,619,1872933.87,0.071,0.060,0.134,0.267,Y
68,133,TECENTRIQ,Oncology,17,130,2304101.16,0.003,0.41,17723.86,487.79,0.027,17,103,1098840.89,0.130,0.661,0.877,1.097,Y
69,78,CABOMETYX,Oncology,15,124,2276011.34,0.003,0.40,18354.93,2698.84,0.128,16,119,1887260.62,-0.067,0.157,0.080,0.206,Y
70,71,XELJANZ XR,Inflammatory Disorder,76,517,2272321.41,0.003,0.40,4395.21,1066.62,0.195,74,551,2217174.61,-0.169,0.104,-0.082,0.025,Y
71,172,RYLAZE,Oncology,1,19,2187473.74,0.003,0.39,115130.20,109.34,0.001,2,15,738771.68,0.134,1.338,1.651,1.961,Y
72,61,GAMMAGARD LIQUID,Immunological Disorders,59,521,2175639.57,0.003,0.38,4175.89,523.58,0.111,57,498,2420436.49,-0.063,-0.141,-0.195,-0.101,Y
73,102,AIMOVIG,Migraine - CGRP Inhibitors,453,2907,2124006.39,0.003,0.38,652.54,52.63,0.067,393,2237,1556780.82,0.127,0.084,0.221,0.364,N
74,334,LENALIDOMIDE,Oncology,20,132,2063627.51,0.003,0.36,15633.54,460.63,0.029,11,24,320323.69,3.924,0.171,4.768,5.442,Y
75,98,JAKAFI,Oncology,17,150,1999412.58,0.002,0.35,13329.42,1944.42,0.127,12,135,1633247.46,-0.005,0.102,0.096,0.224,Y
76,305,OMNIPOD 5 G6 PODS (GEN 5),Diabetic Testing,439,2581,1937946.25,0.002,0.34,570.99,32.49,0.041,175,417,357572.36,3.981,-0.026,3.852,4.420,N
77,43,REMICADE,Inflammatory Disorder,247,1279,1911395.49,0.002,0.34,1412.71,1213.81,0.448,293,1935,2916999.53,-0.390,-0.039,-0.413,-0.345,Y
78,96,CREON,Enzyme Deficiency,215,755,1855630.24,0.002,0.33,2096.76,64.46,0.026,213,714,1661394.08,-0.061,0.065,0.000,0.117,N
79,97,SYNJARDY XR,Diabetes,481,2376,1850338.57,0.002,0.33,462.70,52.15,0.063,426,2206,1635318.02,0.004,0.009,0.013,0.131,N
80,136,KESIMPTA PEN,Multiple Sclerosis,32,263,1845529.12,0.002,0.33,7017.22,1780.44,0.202,18,154,1027994.91,0.529,0.051,0.607,0.795,Y
81,73,BREO ELLIPTA,Asthma - COPD,1117,4601,1844158.47,0.002,0.33,331.62,50.94,0.113,1393,5507,2115008.20,-0.242,0.029,-0.219,-0.128,N
82,83,NOVOLOG,Diabetes,369,1351,1803849.06,0.002,0.32,641.48,103.19,0.072,352,1246,1780392.56,-0.087,-0.006,-0.093,0.013,N
83,91,ULTOMIRIS,Blood Cell Disorders,5,31,1798417.35,0.002,0.32,58013.46,619.80,0.011,5,32,1713797.42,-0.133,0.083,-0.061,0.049,Y
84,94,BENLYSTA,Immunological Disorders,66,675,1797140.16,0.002,0.32,2662.43,983.07,0.270,66,680,1682578.26,-0.111,0.076,-0.044,0.068,Y
85,204,METHYLPHENIDATE ER,Attention Deficit,2262,10236,1792188.50,0.002,0.32,170.41,9.46,0.051,1688,9024,629636.05,0.036,1.459,1.548,1.846,N
86,88,TIVICAY,HIV Infection,111,473,1738344.63,0.002,0.31,2197.65,103.98,0.028,115,496,1740456.77,-0.170,0.077,-0.106,-0.001,N
87,109,SYMTUZA,HIV Infection,48,248,1698089.21,0.002,0.30,4331.86,326.83,0.046,42,230,1416546.86,0.000,0.073,0.073,0.199,N
88,75,TRESIBA FLEXTOUCH U-100,Diabetes,800,3157,1672155.18,0.002,0.30,344.63,64.96,0.109,880,3620,1976247.57,-0.200,-0.053,-0.242,-0.154,N
89,77,SOMATULINE DEPOT,Growth Disorders,28,244,1652338.67,0.002,0.29,6771.88,1566.54,0.188,33,250,1893104.47,-0.126,-0.106,-0.219,-0.127,Y
90,650,ONCASPAR,Oncology,6,27,1649257.23,0.002,0.29,61083.60,37.34,0.001,3,3,99947.47,7.057,0.833,13.773,15.501,Y
91,152,MIRCERA,Blood Cell Disorders,105,608,1639508.84,0.002,0.29,2696.56,10.73,0.004,96,683,874718.78,-0.203,1.106,0.678,0.874,Y
92,99,XIGDUO XR,Diabetes,442,2124,1610925.50,0.002,0.28,428.21,55.33,0.068,452,2200,1585968.82,-0.090,-0.001,-0.091,0.016,N
93,80,VUMERITY,Multiple Sclerosis,34,234,1607877.46,0.002,0.28,6871.27,1591.21,0.188,38,301,1861591.04,-0.304,0.111,-0.227,-0.136,Y
94,123,INFLECTRA,Inflammatory Disorder,137,632,1601887.59,0.002,0.28,2530.63,967.23,0.276,67,431,1206814.51,0.315,-0.096,0.188,0.327,Y
95,361,TRODELVY,Oncology,7,119,1585899.94,0.002,0.28,13326.89,430.73,0.031,3,32,277502.94,2.329,0.537,4.116,4.715,Y
96,65,NEULASTA,Blood Cell Disorders,101,310,1584806.95,0.002,0.28,5112.28,370.49,0.068,173,679,2346140.72,-0.591,0.480,-0.395,-0.325,Y
97,0,KIMMTRAK,Oncology,1,37,1579806.19,0.002,0.28,42697.46,28.56,0.001,0,0,0.00,,,,,Y
98,82,BASAGLAR KWIKPEN U-100,Diabetes,1022,4224,1551189.60,0.002,0.27,235.92,84.70,0.187,1167,5053,1836479.08,-0.255,0.016,-0.244,-0.155,N
99,106,XIFAXAN,Bacterial Infections,276,565,1532689.07,0.002,0.27,2436.71,97.23,0.035,251,518,1462780.36,-0.096,0.038,-0.062,0.048,N
100,120,IMBRUVICA,Oncology,11,118,1514589.76,0.002,0.27,12835.51,2275.28,0.151,9,94,1249424.60,0.124,-0.034,0.085,0.212,Y
101,122,ACTEMRA,Inflammatory Disorder,74,560,1513875.05,0.002,0.27,2703.35,793.59,0.227,60,487,1213582.71,0.029,0.085,0.117,0.247,Y
102,57,XYWAV,Sleep Disorders,28,106,1512823.58,0.002,0.27,14271.92,861.35,0.057,29,169,2538515.43,-0.438,-0.050,-0.466,-0.404,Y
103,116,ADCETRIS,Oncology,7,48,1493013.62,0.002,0.26,31104.45,316.08,0.010,8,92,1334762.80,-0.533,1.144,0.001,0.119,Y
104,86,ROSUVASTATIN CALCIUM,Cholesterol - Statins,16560,62430,1478807.76,0.002,0.26,11.20,5.98,0.202,14167,53271,1767795.58,0.056,-0.291,-0.251,-0.163,N
105,89,JANUMET XR,Diabetes,452,2128,1478465.84,0.002,0.26,399.48,51.08,0.068,526,2552,1734274.46,-0.248,0.015,-0.237,-0.148,N
106,119,EPIDIOLEX,Anti-Convulsants,31,330,1459892.01,0.002,0.26,4423.92,312.96,0.066,30,306,1271059.61,-0.041,0.072,0.028,0.149,Y
107,104,RESTASIS,Eye Disorders,604,1475,1439249.90,0.002,0.25,576.62,26.21,0.026,644,1599,1512120.41,-0.147,-0.001,-0.148,-0.048,N
108,107,XIIDRA,Eye Disorders,505,1520,1437882.86,0.002,0.25,577.93,90.36,0.087,533,1749,1462227.40,-0.181,0.074,-0.120,-0.017,N
109,227,IMFINZI,Oncology,26,163,1411295.33,0.002,0.25,8658.25,1953.94,0.184,13,66,541166.84,1.211,0.056,1.335,1.608,Y
110,135,EPINEPHRINE,Anaphylaxis,4360,5346,1410135.64,0.002,0.25,260.99,14.70,0.053,3451,4100,1069699.68,0.168,0.010,0.180,0.318,N
111,205,DEXTROAMPHETAMINE-AMPHET ER,Attention Deficit,6065,30401,1403211.47,0.002,0.25,45.35,8.28,0.152,4523,28205,628758.34,-0.021,1.041,0.998,1.232,N
112,72,TROKENDI XR,Anti-Convulsants,227,1510,1400873.68,0.002,0.25,862.61,25.74,0.027,334,2125,2198593.50,-0.482,0.101,-0.430,-0.363,N
113,84,PRIVIGEN,Immunological Disorders,44,402,1391757.52,0.002,0.25,3462.08,156.09,0.043,41,556,1778238.68,-0.353,0.082,-0.299,-0.217,Y
114,156,ILARIS,Inflammatory Disorder,4,41,1388019.53,0.002,0.25,33048.08,2547.72,0.070,4,25,846139.87,0.343,0.094,0.469,0.640,Y
115,113,PROMACTA,Blood Cell Disorders,20,154,1386837.15,0.002,0.25,8889.98,1934.67,0.177,23,176,1376001.47,-0.206,0.137,-0.098,0.008,Y
116,114,MAVENCLAD,Multiple Sclerosis,9,17,1385867.63,0.002,0.24,51328.43,510.54,0.006,11,20,1374030.92,0.099,-0.178,-0.097,0.009,Y
117,95,SHINGRIX,Vaccination,5329,7275,1375051.23,0.002,0.24,188.91,5.40,0.028,6670,9349,1670453.99,-0.303,0.057,-0.263,-0.177,N
118,534,ORLADEYO,Hereditary Angioedema,4,37,1369028.08,0.002,0.24,37000.76,5123.18,0.122,2,5,140413.15,5.625,0.318,7.729,8.750,Y
119,158,LUPRON DEPOT,Oncology,203,648,1365866.64,0.002,0.24,2075.79,96.17,0.044,153,519,832435.77,0.118,0.314,0.469,0.641,Y
120,129,POMALYST,Oncology,10,66,1364584.37,0.002,0.24,20675.52,586.05,0.028,8,58,1130546.10,0.019,0.061,0.081,0.207,Y
121,100,MESALAMINE,Inflammatory Disorder,518,1898,1331137.68,0.002,0.24,404.11,18.99,0.026,529,1760,1572532.39,-0.039,-0.212,-0.242,-0.154,N
122,199,CABENUVA,HIV Infection,43,231,1329006.93,0.002,0.23,4205.72,460.79,0.074,27,137,648630.19,0.664,0.102,0.834,1.049,Y
123,105,ALBUTEROL SULFATE HFA,Asthma - COPD,29272,50143,1306326.33,0.002,0.23,24.95,9.09,0.259,28359,48267,1497144.72,-0.072,-0.159,-0.219,-0.127,N
124,190,ENHERTU,Oncology,16,125,1301011.34,0.002,0.23,10408.09,248.34,0.023,9,77,679667.45,0.453,0.179,0.714,0.914,Y
125,117,BUPRENORPHINE-NALOXONE,Chemical Dependency,574,5359,1298193.08,0.002,0.23,240.76,7.01,0.028,583,5256,1286203.23,-0.086,-0.011,-0.096,0.009,N
126,70,SOLIRIS,Blood Cell Disorders,5,43,1281579.89,0.002,0.23,29804.18,440.93,0.015,6,69,2235250.56,-0.442,-0.080,-0.487,-0.427,Y
127,30,NORDITROPIN FLEXPRO,Growth Disorders,49,226,1278725.50,0.002,0.23,5658.08,365.01,0.061,104,778,4256161.87,-0.740,0.034,-0.731,-0.700,Y
128,90,YERVOY,Oncology,14,69,1271574.64,0.002,0.22,18428.62,922.68,0.048,20,80,1721466.14,-0.228,-0.144,-0.339,-0.261,Y
129,160,REPATHA,Cholesterol - PCSK9,458,1862,1247448.95,0.002,0.22,477.77,58.84,0.081,235,1403,807880.31,0.295,0.067,0.382,0.544,N
130,325,KISQALI,Oncology,12,93,1245853.24,0.002,0.22,13396.27,2143.58,0.138,5,29,337222.77,1.871,0.152,2.307,2.694,Y
131,0,DEXCOM G7 SENSOR,Diabetic Testing,820,2690,1234350.65,0.002,0.22,318.95,24.33,0.050,0,0,0.00,,,,,N
132,121,NOVOLOG FLEXPEN,Diabetes,447,1445,1228686.82,0.002,0.22,514.74,76.42,0.082,420,1342,1244341.79,-0.087,-0.032,-0.116,-0.013,N
133,125,MYRBETRIQ,Incontinence - Anticholinergic,455,2465,1215716.36,0.001,0.21,380.39,57.20,0.104,541,2527,1173292.33,-0.110,0.042,-0.072,0.036,N
134,339,TAGRISSO,Oncology,13,112,1210375.69,0.001,0.21,10806.93,2571.15,0.192,4,30,315612.16,2.342,0.027,2.433,2.835,Y
135,169,KYPROLIS,Oncology,14,245,1202437.95,0.001,0.21,4907.91,164.89,0.033,10,243,757640.63,-0.097,0.574,0.421,0.587,Y
136,215,DEXTROAMPHETAMINE-AMPHETAMINE,Attention Deficit,7208,41298,1185483.08,0.001,0.21,28.17,7.97,0.217,7030,42393,582235.38,-0.132,1.100,0.823,1.036,N
137,124,MVASI,Oncology,22,218,1183605.13,0.001,0.21,5429.38,178.77,0.032,43,394,1199559.64,-0.505,0.783,-0.117,-0.013,Y
138,103,XEMBIFY,Immunological Disorders,24,404,1172301.00,0.001,0.21,2901.74,889.65,0.235,27,411,1527279.72,-0.120,-0.219,-0.313,-0.232,Y
139,110,XTANDI,Oncology,15,107,1162125.55,0.001,0.21,10860.99,1616.73,0.130,16,139,1404231.28,-0.311,0.075,-0.259,-0.172,Y
140,338,PHESGO,Oncology,15,95,1156760.34,0.001,0.20,12176.42,1346.93,0.100,7,31,316220.71,1.744,0.194,2.275,2.658,Y
141,128,EYLEA,Eye Disorders,202,947,1138813.96,0.001,0.20,1202.55,787.29,0.396,181,869,1135251.34,-0.024,-0.079,-0.102,0.003,Y
142,0,GENOTROPIN,Growth Disorders,46,250,1119958.57,0.001,0.20,4479.83,417.61,0.085,0,0,0.00,,,,,Y
143,92,LENVIMA,Oncology,18,63,1118776.16,0.001,0.20,17758.35,5527.68,0.237,13,91,1698514.71,-0.380,-0.049,-0.410,-0.341,Y
144,183,LYNPARZA,Oncology,17,105,1118460.35,0.001,0.20,10652.00,2223.01,0.173,9,58,709895.24,0.621,-0.130,0.411,0.576,Y
145,112,JANUMET,Diabetes,337,1498,1104160.41,0.001,0.20,412.62,52.54,0.067,419,1897,1376289.00,-0.294,0.018,-0.282,-0.198,N
146,127,ERLEADA,Oncology,12,86,1095631.15,0.001,0.19,12739.90,1876.60,0.128,13,92,1136399.58,-0.163,0.031,-0.137,-0.036,Y
147,176,ZENPEP,Enzyme Deficiency,89,279,1086546.74,0.001,0.19,2912.99,62.72,0.016,59,219,720442.57,0.184,0.140,0.350,0.508,N
148,130,LO LOESTRIN FE,Contraceptives,878,3099,1086375.85,0.001,0.19,157.26,0.23,0.001,986,3510,1121205.78,-0.208,0.095,-0.133,-0.031,N
149,642,FULPHILA,Blood Cell Disorders,149,571,1085625.88,0.001,0.19,1901.27,555.49,0.226,26,57,101755.77,7.968,0.065,8.551,9.669,Y
150,175,HIZENTRA,Immunological Disorders,24,383,1076808.01,0.001,0.19,2811.51,140.62,0.048,18,320,728094.01,0.072,0.236,0.324,0.479,Y
151,137,MIRENA,Contraceptives,936,953,1063535.28,0.001,0.19,930.48,12.96,0.011,956,976,1020496.47,0.019,-0.085,-0.067,0.042,Y
152,174,TRULANCE,Bowel Disease,667,1777,1063364.82,0.001,0.19,455.60,62.98,0.095,517,1348,735771.20,0.231,0.051,0.294,0.445,N
153,132,GAMMAPLEX,Immunological Disorders,14,153,1023319.76,0.001,0.18,6688.36,2.88,0.000,15,209,1111628.29,-0.345,0.257,-0.176,-0.079,Y
154,206,ABRAXANE,Oncology,23,202,1021487.00,0.001,0.18,5056.87,220.84,0.042,28,207,627509.04,-0.126,0.668,0.457,0.628,Y
155,157,TRUXIMA,Oncology,58,211,1021434.77,0.001,0.18,4840.92,258.58,0.051,37,141,836721.24,0.340,-0.184,0.093,0.221,Y
156,131,BUPROPION XL,Depression,11659,47385,1009360.56,0.001,0.18,11.43,8.42,0.283,10493,42705,1118516.53,0.004,-0.195,-0.192,-0.098,N
157,194,KALYDECO,Lung Disorders,4,45,955721.52,0.001,0.17,21238.26,3449.91,0.140,3,36,664272.54,0.119,0.151,0.288,0.439,Y
158,379,OLUMIANT,Inflammatory Disorder,45,329,950222.11,0.001,0.17,2888.21,876.65,0.233,22,112,251238.26,1.630,0.288,2.386,2.782,Y
159,138,BRILINTA,Anticoagulation,401,1678,944789.77,0.001,0.17,336.70,55.82,0.090,414,1822,991707.39,-0.150,0.003,-0.147,-0.047,N
160,149,FASENRA,Asthma - COPD,57,261,944066.47,0.001,0.17,2378.00,1713.55,0.321,57,239,882445.12,0.042,-0.081,-0.042,0.070,Y
161,164,SANDOSTATIN LAR DEPOT,Growth Disorders,16,133,941258.13,0.001,0.17,7077.13,799.41,0.101,16,139,788770.84,-0.143,0.247,0.068,0.193,Y
162,147,ESTRADIOL (TWICE WEEKLY),Hormone Therapy,2134,8677,936287.06,0.001,0.17,60.25,13.88,0.114,1913,7827,898428.25,-0.030,-0.038,-0.067,0.042,N
163,93,XYREM,Sleep Disorders,13,63,929323.30,0.001,0.16,14751.16,2266.76,0.133,17,124,1686298.97,-0.545,0.085,-0.507,-0.449,Y
164,148,KADCYLA,Oncology,16,131,928532.30,0.001,0.16,7088.03,1245.67,0.149,11,121,892282.65,-0.031,-0.039,-0.068,0.041,Y
165,154,PROCYSBI,Urological Disorders,1,17,925374.16,0.001,0.16,54433.77,51.71,0.001,1,11,866112.82,0.384,-0.309,-0.043,0.068,Y
166,159,ESTRADIOL,Vaginal Disorders,3700,6885,912412.53,0.001,0.16,65.96,13.01,0.089,3001,5675,821193.06,0.176,-0.154,-0.005,0.111,N
167,87,TEPEZZA,Eye Disorders,3,12,909318.00,0.001,0.16,75776.50,4999.50,0.062,5,71,1749111.79,-0.849,2.076,-0.535,-0.480,Y
168,282,IDELVION,Bleeding Disorders,2,13,905732.91,0.001,0.16,69671.76,923.08,0.013,1,5,395283.80,1.328,-0.119,1.051,1.291,Y
169,208,BREZTRI AEROSPHERE,Asthma - COPD,489,1451,899471.31,0.001,0.16,541.85,56.03,0.083,410,1023,621334.05,0.255,0.033,0.296,0.448,N
170,402,BLINCYTO,Oncology,4,61,895293.00,0.001,0.16,14676.93,180.51,0.012,3,38,226782.68,0.437,1.459,2.534,2.948,Y
171,139,TESTOSTERONE,Hormone Therapy,743,3687,879045.57,0.001,0.16,195.47,12.00,0.048,707,3715,983426.83,-0.114,-0.096,-0.200,-0.106,N
172,151,DEXMETHYLPHENIDATE HCL ER,Attention Deficit,2555,12778,873724.29,0.001,0.15,67.43,7.72,0.101,2077,10856,878001.91,0.047,-0.149,-0.109,-0.005,N
173,126,ZIRABEV,Oncology,49,437,864703.05,0.001,0.15,1978.73,640.83,0.245,45,475,1149959.12,-0.176,-0.183,-0.327,-0.248,Y
174,165,ATORVASTATIN CALCIUM,Cholesterol - Statins,24901,95169,856289.62,0.001,0.15,4.14,4.96,0.355,24158,91453,786292.18,-0.072,0.051,-0.025,0.089,N
175,146,TRAZIMERA,Oncology,43,330,852599.75,0.001,0.15,2583.64,670.48,0.206,47,374,901624.19,-0.210,0.072,-0.153,-0.054,Y
176,0,LURASIDONE HCL,Psychiatric Disorders,353,1394,847075.88,0.001,0.15,461.12,10.69,0.017,0,0,0.00,,,,,N
177,0,LEVEMIR FLEXPEN,Diabetes,473,1619,846782.17,0.001,0.15,352.09,48.11,0.084,0,0,0.00,,,,,N
178,0,SODIUM OXYBATE,Sleep Disorders,12,78,846766.26,0.001,0.15,10855.98,3655.58,0.252,0,0,0.00,,,,,Y
179,173,CIPROFLOXACIN-DEXAMETHASONE,Ear Disorders,4693,5538,841134.16,0.001,0.15,151.72,10.66,0.066,3837,4488,736470.90,0.105,-0.075,0.022,0.142,N
180,193,JULUCA,HIV Infection,29,152,839950.77,0.001,0.15,3193.73,149.07,0.026,24,143,669914.92,0.037,0.082,0.122,0.254,N
181,0,PADCEV,Oncology,6,93,834525.70,0.001,0.15,8973.39,0.00,0.000,0,0,0.00,,,,,Y
182,223,RUXIENCE,Oncology,79,314,829442.48,0.001,0.15,2641.54,901.79,0.255,63,323,555978.85,-0.130,0.535,0.336,0.492,Y
183,182,TESTOSTERONE CYPIONATE,Hormone Therapy,3873,18036,815045.47,0.001,0.14,34.48,8.54,0.159,3341,16285,710583.42,-0.020,0.048,0.027,0.147,N
184,440,FINGOLIMOD,Multiple Sclerosis,25,208,812164.83,0.001,0.14,3904.64,122.46,0.030,13,27,197283.06,5.897,-0.466,2.686,3.117,Y
185,464,TEZSPIRE,Asthma - COPD,37,264,811771.55,0.001,0.14,3074.89,744.94,0.195,15,43,183127.09,4.496,-0.278,2.969,3.433,Y
186,354,LUTATHERA,Oncology,3,6,810411.81,0.001,0.14,135068.63,24.62,0.000,4,8,295450.30,-0.329,2.657,1.456,1.743,Y
187,263,OPZELURA,Skin - Inflammation,224,496,803891.20,0.001,0.14,1563.99,269.54,0.143,171,278,445882.91,0.655,-0.025,0.614,0.803,N
188,198,CRYSVITA,Electrolyte Balance,2,55,800848.30,0.001,0.14,14560.88,327.27,0.022,2,46,649329.61,0.070,0.032,0.104,0.233,Y
189,153,PREZCOBIX,HIV Infection,43,213,781053.92,0.001,0.14,2250.88,166.40,0.043,49,251,874009.95,-0.262,0.084,-0.200,-0.106,N
190,444,HARVONI,Hepatitis C,14,32,778248.40,0.001,0.14,24320.26,6017.19,0.198,4,7,194239.96,3.092,-0.124,2.587,3.007,Y
191,118,OFEV,Lung Disorders,10,73,770668.45,0.001,0.14,10557.10,1753.20,0.142,16,112,1276184.34,-0.416,-0.073,-0.459,-0.396,Y
192,144,BETASERON,Multiple Sclerosis,11,106,762032.21,0.001,0.13,7188.98,1900.34,0.209,13,108,904832.77,-0.153,-0.110,-0.246,-0.158,Y
193,267,METOPROLOL SUCCINATE,Hypertension,10334,41125,757025.66,0.001,0.13,8.53,9.50,0.340,9908,39401,441860.53,-0.059,0.631,0.534,0.713,N
194,210,SIMPONI ARIA,Inflammatory Disorder,103,625,752414.86,0.001,0.13,1203.86,848.31,0.413,76,508,610557.95,0.099,0.004,0.103,0.232,Y
195,168,LEVOTHYROXINE SODIUM,Endocrine Disorders,17488,74235,750541.06,0.001,0.13,4.45,8.40,0.454,16847,69665,764024.85,-0.051,-0.073,-0.121,-0.018,N
196,316,QULIPTA,Migraine - CGRP Inhibitors,171,722,750345.73,0.001,0.13,868.46,121.80,0.105,110,379,341609.91,0.803,0.091,0.966,1.196,N
197,191,ATOMOXETINE HCL,Attention Deficit,1673,5827,747292.75,0.001,0.13,93.77,10.39,0.075,1378,4908,677685.09,0.064,-0.072,-0.013,0.103,N
198,150,LUPRON DEPOT-PED,Oncology,28,73,744265.17,0.001,0.13,3702.81,566.17,0.053,33,91,880695.79,-0.096,-0.163,-0.243,-0.155,Y
199,171,DEXCOM G6 TRANSMITTER,Diabetic Testing,1460,3880,735314.31,0.001,0.13,72.83,38.18,0.168,1401,3808,746617.29,0.030,-0.144,-0.118,-0.015,N
200,245,PROGESTERONE,Hormone Therapy,5358,19884,726175.13,0.001,0.13,20.18,11.26,0.236,4375,15867,477315.54,0.094,0.245,0.362,0.521,N
201,217,SOOLANTRA,Skin - Inflammation,654,1091,714224.27,0.001,0.13,628.17,11.75,0.018,629,944,570980.43,0.041,0.076,0.120,0.251,N
202,279,SEMGLEE (YFGN) PEN,Diabetes,622,2158,713707.73,0.001,0.13,237.59,36.80,0.100,386,1284,406373.94,0.651,-0.048,0.572,0.756,N
203,239,OXTELLAR XR,Anti-Convulsants,66,450,712181.61,0.001,0.13,1112.78,97.39,0.058,63,393,500033.11,0.089,0.171,0.275,0.424,N
204,140,VASCEPA,Cholesterol - Lipids Misc,321,1109,706124.19,0.001,0.12,295.57,24.18,0.037,507,1661,982371.11,-0.368,0.018,-0.356,-0.281,N
205,155,BUDESONIDE,Asthma - COPD,2019,4233,701599.21,0.001,0.12,143.92,9.10,0.052,2360,4585,851193.69,-0.177,-0.104,-0.262,-0.176,N
206,201,NEXPLANON,Contraceptives,636,645,699440.89,0.001,0.12,858.21,12.69,0.012,600,608,644774.08,0.162,-0.164,-0.029,0.085,Y
207,241,NUCALA,Asthma - COPD,41,319,694114.38,0.001,0.12,2135.74,1194.11,0.354,38,262,491350.49,0.111,0.139,0.265,0.413,Y
208,145,EPCLUSA,Hepatitis C,13,35,689173.95,0.001,0.12,19690.68,4301.49,0.179,16,41,903212.49,-0.236,-0.106,-0.317,-0.237,Y
209,179,LIVALO,Cholesterol - Statins,374,1455,680155.67,0.001,0.12,258.03,71.45,0.133,383,1584,717651.31,-0.162,0.012,-0.152,-0.052,N
210,356,CAPLYTA,Psychiatric Disorders,112,412,678796.03,0.001,0.12,1396.70,88.20,0.051,59,189,291818.63,1.043,0.019,1.082,1.326,N
211,563,AZSTARYS,Attention Deficit,605,2119,673342.06,0.001,0.12,314.21,61.68,0.163,148,419,128075.95,3.557,0.033,3.707,4.257,N
212,163,SYNVISC,Anti-Arthritics,925,1525,649422.95,0.001,0.11,425.85,0.54,0.001,1046,1827,791510.46,-0.253,-0.017,-0.265,-0.180,Y
213,264,TOUJEO MAX SOLOSTAR,Diabetes,276,883,648701.82,0.001,0.11,484.47,63.35,0.079,172,682,445669.06,0.212,0.075,0.303,0.456,N
214,178,SPIRIVA RESPIMAT,Asthma - COPD,324,1229,645141.45,0.001,0.11,430.09,52.30,0.091,320,1365,719080.24,-0.226,0.038,-0.197,-0.103,N
215,255,DULERA,Asthma - COPD,701,2192,641884.13,0.001,0.11,272.33,44.02,0.131,615,1673,463067.85,0.181,0.051,0.241,0.386,N
216,209,OPSUMIT,Pulmonary Hypertension,10,63,617797.50,0.001,0.11,9806.31,2197.94,0.183,8,64,614574.64,-0.119,0.021,-0.100,0.005,Y
217,142,EVEROLIMUS,Oncology,7,62,617129.46,0.001,0.11,9953.70,4.16,0.000,14,104,934152.72,-0.466,0.108,-0.409,-0.339,Y
218,221,HUMALOG KWIKPEN U-200,Diabetes,149,556,617044.02,0.001,0.11,810.83,39.79,0.035,131,566,557630.60,-0.128,0.136,-0.009,0.107,N
219,286,VENCLEXTA,Oncology,18,77,614940.76,0.001,0.11,7986.24,2294.01,0.223,11,49,385186.69,0.407,0.016,0.429,0.596,Y
220,314,DEXLANSOPRAZOLE DR,Proton Pump Inhibitors,427,1419,614275.13,0.001,0.11,215.61,12.85,0.029,261,854,342689.70,0.511,0.062,0.605,0.793,N
221,301,WAKIX,Sleep Disorders,7,68,606398.05,0.001,0.11,8917.62,1232.25,0.121,6,47,364814.05,0.295,0.149,0.488,0.662,Y
222,0,ELAHERE,Oncology,2,7,602700.06,0.001,0.11,86100.01,45.42,0.001,0,0,0.00,,,,,Y
223,0,FLUCELVAX QUAD 2023-2024,Vaccination,13504,13531,594282.51,0.001,0.10,43.92,1.66,0.036,0,0,0.00,,,,,N
224,285,BRIVIACT,Anti-Convulsants,61,342,594075.63,0.001,0.10,1381.57,118.09,0.064,47,248,385790.17,0.275,0.082,0.379,0.540,N
225,195,CERDELGA,Enzyme Deficiency,2,25,591278.74,0.001,0.10,23651.15,1331.83,0.053,2,25,663156.82,-0.105,-0.108,-0.202,-0.108,Y
226,252,DESVENLAFAXINE SUCCINATE ER,Depression,1639,7474,589237.81,0.001,0.10,42.93,11.38,0.126,1427,6361,467488.42,0.044,0.081,0.128,0.260,N
227,347,NUVARING,Contraceptives,514,1897,588146.33,0.001,0.10,148.86,0.51,0.002,428,1035,305448.02,0.720,0.002,0.724,0.926,N
228,248,XHANCE,Allergies,219,1069,587895.87,0.001,0.10,526.79,106.85,0.163,199,882,473982.31,0.090,0.019,0.110,0.240,N
229,243,MAYZENT,Multiple Sclerosis,13,86,578256.56,0.001,0.10,6723.91,2410.16,0.264,12,73,484613.57,0.055,0.013,0.068,0.193,Y
230,167,XELJANZ,Inflammatory Disorder,21,133,578187.13,0.001,0.10,4282.87,1044.65,0.194,31,188,771061.69,-0.380,0.083,-0.329,-0.250,Y
231,170,SIMPONI,Inflammatory Disorder,15,126,577103.86,0.001,0.10,4580.19,1381.13,0.232,15,144,750842.48,-0.217,-0.122,-0.312,-0.231,Y
232,0,TERIFLUNOMIDE,Multiple Sclerosis,25,123,571892.58,0.001,0.10,4649.53,218.69,0.045,0,0,0.00,,,,,Y
233,232,UPLIZNA,Immunological Disorders,3,5,570222.00,0.001,0.10,114044.40,7999.20,0.066,3,7,518633.00,-0.361,0.539,-0.016,0.099,Y
234,200,CEREZYME,Enzyme Deficiency,2,43,557168.03,0.001,0.10,12957.40,697.67,0.051,2,49,645619.20,-0.214,-0.017,-0.227,-0.137,Y
235,234,TRETINOIN,Acne,5089,9124,545476.59,0.001,0.10,57.88,9.17,0.133,4260,7206,514836.47,0.132,-0.162,-0.051,0.060,N
236,211,GLASSIA,Enzyme Deficiency,4,167,545010.96,0.001,0.10,3263.54,146.91,0.043,6,202,609624.80,-0.260,0.081,-0.200,-0.106,Y
237,371,ZEPOSIA,Multiple Sclerosis,12,77,543811.39,0.001,0.10,7062.49,1456.84,0.171,5,40,268764.10,0.723,0.051,0.811,1.023,Y
238,270,INLYTA,Oncology,5,39,539906.01,0.001,0.10,13843.74,3007.09,0.178,6,33,433555.72,0.058,0.054,0.115,0.245,Y
239,184,FLOVENT HFA,Asthma - COPD,1295,2506,538934.75,0.001,0.10,195.91,50.75,0.191,1630,3055,709830.20,-0.285,-0.049,-0.320,-0.241,N
240,293,JYNARQUE,Electrolyte Balance,4,37,538669.94,0.001,0.10,14558.65,2847.64,0.164,2,25,371117.74,0.325,-0.019,0.299,0.451,Y
241,162,ZEJULA,Oncology,7,40,537515.78,0.001,0.09,13437.89,3046.39,0.185,8,60,794053.00,-0.403,0.015,-0.394,-0.323,Y
242,222,CALQUENCE,Oncology,7,53,536551.93,0.001,0.09,10123.62,1979.66,0.164,8,51,556862.79,-0.070,-0.073,-0.137,-0.036,Y
243,483,IRINOTECAN HCL,Oncology,71,538,535757.60,0.001,0.09,995.83,13.98,0.014,54,437,174734.94,0.102,1.491,1.745,2.066,Y
244,236,XIAFLEX,Neuromuscular Disorders,28,115,535169.17,0.001,0.09,4181.01,952.35,0.170,30,83,510433.82,0.364,-0.312,-0.061,0.048,Y
245,840,OPDUALAG,Oncology,2,5,533749.04,0.001,0.09,106749.81,48.31,0.000,1,1,57628.41,3.475,0.852,7.292,8.262,Y
246,247,PROLASTIN C,Enzyme Deficiency,6,58,531580.30,0.001,0.09,9165.18,442.24,0.046,4,45,475026.47,0.154,-0.132,0.002,0.119,Y
247,233,VECTIBIX,Oncology,12,89,531564.27,0.001,0.09,5972.63,275.76,0.044,10,89,517344.49,-0.105,0.027,-0.080,0.027,Y
248,292,DIFICID,Bacterial Infections,73,129,531391.70,0.001,0.09,4119.32,97.18,0.023,49,79,372987.51,0.359,-0.061,0.275,0.425,N
249,203,GLYXAMBI,Diabetes,133,634,531208.91,0.001,0.09,482.92,54.39,0.061,150,776,639279.17,-0.268,0.016,-0.256,-0.169,N
250,297,VALACYCLOVIR,Viral Infection - Misc,13881,31997,528862.89,0.001,0.09,11.83,8.71,0.345,13127,31228,368012.07,-0.073,0.388,0.287,0.437,N
251,306,TYMLOS,Osteoporosis,42,233,517889.34,0.001,0.09,2222.70,438.39,0.165,31,168,357107.75,0.242,0.046,0.298,0.450,Y
252,254,AJOVY,Migraine - CGRP Inhibitors,123,671,516969.85,0.001,0.09,578.91,93.08,0.108,142,623,463088.11,-0.056,0.059,-0.001,0.116,N
253,482,SAPHNELO,Immunological Disorders,18,141,516128.96,0.001,0.09,3660.49,1222.46,0.250,10,51,176164.94,1.475,0.060,1.623,1.930,Y
254,188,TADALAFIL,Erectile Dysfunction,1792,7503,515875.32,0.001,0.09,54.69,14.27,0.172,1522,6129,682001.21,0.100,-0.384,-0.323,-0.244,N
255,313,TOUJEO SOLOSTAR,Diabetes,301,1041,511509.14,0.001,0.09,355.21,59.32,0.108,196,722,343396.67,0.238,0.077,0.334,0.490,N
256,213,PREMARIN,Hormone Therapy,472,2615,510609.46,0.001,0.09,134.83,86.03,0.306,594,3368,589669.98,-0.275,0.069,-0.225,-0.134,N
257,228,HYDROXYCHLOROQUINE SULFATE,Other Infections,2378,10496,501907.65,0.001,0.09,29.92,9.87,0.171,2766,11082,533979.20,-0.110,-0.055,-0.159,-0.060,N
258,52,LATUDA,Psychiatric Disorders,168,283,492690.73,0.001,0.09,1244.17,116.21,0.063,345,1479,2690028.71,-0.823,-0.076,-0.836,-0.817,N
259,266,ALECENSA,Oncology,4,43,488204.27,0.001,0.09,11353.59,2319.35,0.170,6,43,441992.16,-0.105,0.105,-0.011,0.105,Y
260,235,SYNJARDY,Diabetes,142,642,487697.56,0.001,0.09,453.25,52.90,0.065,153,648,514685.21,-0.151,0.000,-0.152,-0.052,N
261,362,VILAZODONE HCL,Depression,633,2981,486059.62,0.001,0.09,101.24,10.34,0.060,472,1441,276549.93,0.879,-0.162,0.573,0.758,N
262,214,PRALUENT PEN,Cholesterol - PCSK9,294,739,481940.32,0.001,0.09,394.39,94.74,0.127,193,904,586210.16,-0.287,0.033,-0.264,-0.178,N
263,134,KANJINTI,Oncology,16,124,481893.68,0.001,0.09,3886.24,39.42,0.010,37,300,1081496.39,-0.630,0.078,-0.601,-0.554,Y
264,108,AUBAGIO,Multiple Sclerosis,24,74,479370.46,0.001,0.08,6477.98,2329.23,0.264,32,219,1445060.94,-0.703,0.000,-0.703,-0.668,Y
265,231,TACROLIMUS,Immunological Disorders,343,1889,478962.20,0.001,0.08,148.15,9.70,0.037,299,1659,519241.84,-0.005,-0.170,-0.174,-0.078,N
266,312,NPLATE,Blood Cell Disorders,7,83,477994.21,0.001,0.08,5758.97,258.09,0.043,9,131,347643.82,-0.433,1.170,0.231,0.375,Y
267,250,LAMOTRIGINE ER,Anti-Convulsants,279,1437,477102.85,0.001,0.08,201.82,12.20,0.035,232,1287,469761.85,0.017,-0.106,-0.091,0.016,N
268,340,SPRAVATO,Depression,35,476,477085.84,0.001,0.08,1002.28,256.83,0.204,26,317,314357.22,0.344,0.011,0.359,0.518,Y
269,202,BRAFTOVI,Oncology,8,41,476371.00,0.001,0.08,11618.80,3253.41,0.219,11,63,640126.38,-0.417,0.144,-0.334,-0.256,Y
270,212,ADVAIR HFA,Asthma - COPD,406,1143,473708.14,0.001,0.08,358.87,54.31,0.116,471,1358,594941.89,-0.274,-0.019,-0.287,-0.204,N
271,272,LYUMJEV,Diabetes,95,428,473153.71,0.001,0.08,711.51,57.66,0.050,77,421,424110.74,0.019,-0.020,-0.001,0.116,N
272,303,ORACEA,Bacterial Infections,137,531,472745.58,0.001,0.08,808.11,22.99,0.025,125,391,361633.21,0.089,0.075,0.170,0.307,N
273,262,SUCRAID,Enzyme Deficiency,9,49,469929.33,0.001,0.08,9590.39,385.64,0.039,14,48,445886.10,-0.086,0.032,-0.056,0.054,Y
274,226,PANZYGA,Immunological Disorders,7,65,465125.60,0.001,0.08,7155.78,115.38,0.016,9,104,549395.60,-0.440,0.355,-0.242,-0.153,Y
275,143,TASIGNA,Oncology,4,27,462290.41,0.001,0.08,15941.05,2834.99,0.142,7,60,916952.92,-0.581,0.078,-0.549,-0.496,Y
276,220,APRISO,Inflammatory Disorder,136,592,459390.82,0.001,0.08,453.94,8.99,0.011,162,792,560530.70,-0.239,-0.036,-0.266,-0.180,N
277,701,HALAVEN,Oncology,5,35,457155.07,0.001,0.08,13061.57,524.46,0.039,3,48,86317.51,-0.347,6.263,3.741,4.296,Y
278,189,EZETIMIBE,Cholesterol - Lipids Misc,3773,14196,457089.43,0.001,0.08,15.47,11.16,0.257,3335,12626,681910.77,0.026,-0.415,-0.400,-0.330,N
279,302,DULOXETINE HCL,Depression,5805,25745,454196.81,0.001,0.08,9.60,9.43,0.348,5611,25406,361993.48,-0.079,0.219,0.123,0.255,N
280,447,MONTELUKAST SODIUM,Asthma - COPD,17682,54219,452071.86,0.001,0.08,4.56,8.10,0.493,18174,54589,193060.82,-0.103,1.338,1.096,1.342,N
281,346,CUVITRU,Immunological Disorders,10,250,451505.69,0.001,0.08,1806.02,233.68,0.115,7,149,305879.40,0.502,-0.120,0.321,0.476,Y
282,192,VENLAFAXINE HCL ER,Depression,4825,21947,450771.79,0.001,0.08,10.65,8.74,0.299,4819,22035,674898.24,-0.088,-0.344,-0.402,-0.332,N
283,181,ETONOGESTREL-ETHINYL ESTRADIOL,Contraceptives,555,2110,450229.58,0.001,0.08,122.38,0.07,0.000,1012,3371,713248.49,-0.454,0.035,-0.435,-0.369,N
284,246,ADEMPAS,Pulmonary Hypertension,5,48,444088.59,0.001,0.08,9251.85,3297.60,0.263,6,44,476779.65,-0.023,-0.146,-0.166,-0.069,Y
285,881,APRETUDE,HIV Infection,38,121,443064.22,0.001,0.08,2751.95,144.23,0.038,7,16,49081.98,6.207,0.121,7.082,8.027,Y
286,432,TOPIRAMATE ER,Anti-Convulsants,167,473,436588.03,0.001,0.08,572.95,10.45,0.011,52,259,204944.83,0.879,0.015,0.907,1.130,N
287,410,NUBEQA,Oncology,7,36,423573.58,0.001,0.07,11765.93,1965.95,0.143,3,21,218754.42,0.535,0.130,0.733,0.936,Y
288,230,MEKTOVI,Oncology,7,40,423404.10,0.001,0.07,10585.10,3522.52,0.250,7,53,526559.89,-0.324,0.065,-0.280,-0.196,Y
289,251,AVSOLA,Inflammatory Disorder,46,265,422778.75,0.001,0.07,1595.39,110.26,0.065,44,229,468791.16,0.036,-0.221,-0.193,-0.098,Y
290,333,TACROLIMUS,Skin - Immunosuppressant,1369,1828,421702.21,0.001,0.07,225.99,12.04,0.050,1006,1365,324539.80,0.200,-0.031,0.163,0.299,N
291,240,SOLIQUA 100-33,Diabetes,97,466,419506.21,0.001,0.07,649.39,60.41,0.063,111,565,494758.36,-0.249,0.011,-0.241,-0.152,N
292,180,RITUXAN,Oncology,14,37,411538.46,0.001,0.07,11122.66,1381.03,0.110,43,125,716612.77,-0.735,0.940,-0.486,-0.426,Y
293,311,CLINDAMYCIN PHOSPHATE,Skin - Infection,5710,10798,410785.32,0.001,0.07,37.39,8.31,0.179,5258,9748,347693.70,-0.001,0.059,0.058,0.181,N
294,258,XULANE,Contraceptives,642,2448,408867.35,0.001,0.07,97.49,0.00,0.000,678,2814,452780.52,-0.170,-0.026,-0.192,-0.097,N
295,197,REBIF,Multiple Sclerosis,7,59,403966.59,0.001,0.07,6846.89,2709.57,0.284,11,99,653500.00,-0.466,0.037,-0.447,-0.382,Y
296,284,FAMOTIDINE,Acid Reflux - Ulcers - Misc,7205,19176,402721.54,0.001,0.07,12.92,6.63,0.240,6346,16515,387263.58,0.073,-0.132,-0.069,0.040,N
297,416,OXERVATE,Eye Disorders,4,15,398158.72,0.001,0.07,26543.91,101.85,0.004,2,8,214317.58,0.679,-0.009,0.663,0.858,Y
298,281,ASCENIV,Immunological Disorders,1,11,397676.00,0.001,0.07,36152.36,1363.64,0.036,1,12,401007.00,-0.179,0.082,-0.112,-0.008,Y
299,367,SUNOSI,Sleep Disorders,83,474,392144.85,0.001,0.07,728.89,60.92,0.069,67,364,271730.15,0.186,0.089,0.292,0.443,N
300,187,DARZALEX,Oncology,7,61,390902.31,0.001,0.07,6408.23,172.99,0.026,12,84,688602.60,-0.350,-0.218,-0.492,-0.432,Y
301,249,HUMALOG MIX 75-25 KWIKPEN,Diabetes,81,433,390090.27,0.001,0.07,655.61,37.59,0.040,101,551,471645.27,-0.261,0.002,-0.260,-0.173,N
302,775,PONVORY,Multiple Sclerosis,6,49,389070.67,0.001,0.07,7940.22,1222.05,0.133,2,8,67668.96,4.483,-0.061,4.147,4.750,Y
303,0,AREXVY,Vaccination,1364,1366,383790.71,0.001,0.07,280.96,3.05,0.011,0,0,0.00,,,,,N
304,322,FENOFIBRATE,Cholesterol - Lipids Misc,3103,12298,381022.88,0.001,0.07,14.43,9.52,0.235,3135,12205,338422.22,-0.096,0.115,0.008,0.126,N
305,307,AUSTEDO,Neurological Disorders,5,51,380066.06,0.001,0.07,7452.28,879.29,0.106,4,41,356564.35,0.114,-0.143,-0.046,0.066,Y
306,85,VICTOZA 3-PAK,Diabetes,68,209,379060.70,0.001,0.07,926.80,114.76,0.060,471,1378,1767921.02,-0.810,0.012,-0.808,-0.786,N
307,365,CYCLOPHOSPHAMIDE,Oncology,122,613,378941.20,0.001,0.07,618.17,9.17,0.015,124,574,273067.76,-0.044,0.299,0.242,0.388,Y
308,335,INVEGA SUSTENNA,Psychiatric Disorders,19,146,377595.12,0.000,0.07,2586.27,109.52,0.041,20,133,319883.87,-0.017,0.075,0.057,0.180,Y
309,350,EMEND,Nausea,432,1214,376812.04,0.000,0.07,310.39,2.98,0.009,392,1024,298188.50,0.061,0.066,0.131,0.264,Y
310,186,ACTHAR,Immunological Disorders,2,6,375254.95,0.000,0.07,62542.49,679.30,0.011,2,13,697223.14,-0.587,0.166,-0.518,-0.462,Y
311,283,SYNAGIS,Viral Infection - Misc,39,132,370514.34,0.000,0.07,2806.93,551.85,0.164,41,145,390239.19,-0.185,0.043,-0.150,-0.051,Y
312,358,ZOLADEX,Oncology,41,265,369741.71,0.000,0.07,1395.25,43.64,0.030,34,231,283420.92,0.027,0.137,0.168,0.305,Y
313,275,KYLEENA,Contraceptives,339,342,369651.12,0.000,0.07,919.53,16.25,0.015,390,396,414863.96,-0.122,-0.091,-0.202,-0.109,Y
314,348,VAGIFEM,Vaginal Disorders,351,1096,368134.36,0.000,0.07,162.75,27.11,0.075,282,830,303605.95,0.087,-0.001,0.086,0.213,N
315,253,SEROSTIM,Growth Disorders,2,22,367860.38,0.000,0.06,16720.93,2272.73,0.120,3,28,463377.03,-0.297,0.010,-0.289,-0.206,Y
316,546,PANTOPRAZOLE SODIUM,Proton Pump Inhibitors,19179,65140,365691.19,0.000,0.06,2.96,7.57,0.574,17729,60047,135340.04,-0.023,1.475,1.419,1.702,N
317,943,RENFLEXIS,Inflammatory Disorder,86,245,363937.42,0.000,0.06,1485.46,768.06,0.341,4,15,42047.11,13.622,-0.470,6.749,7.655,Y
318,161,ALIMTA,Oncology,15,92,363762.78,0.000,0.06,3953.94,126.45,0.031,26,159,796514.06,-0.482,-0.211,-0.591,-0.543,Y
319,0,AMVUTTRA,Neurological Disorders,2,4,361424.69,0.000,0.06,90356.17,913.34,0.010,0,0,0.00,,,,,Y
320,55,GILENYA,Multiple Sclerosis,15,51,357286.72,0.000,0.06,7005.62,3072.52,0.305,36,337,2616217.99,-0.865,-0.098,-0.878,-0.863,Y
321,331,GLATIRAMER ACETATE,Multiple Sclerosis,18,161,356745.91,0.000,0.06,2215.81,524.99,0.192,21,143,325431.01,0.008,-0.026,-0.019,0.096,Y
322,296,CELECOXIB,Pain - NSAIDS,4559,14243,353825.75,0.000,0.06,16.72,8.70,0.259,4473,14645,368885.04,-0.136,-0.006,-0.141,-0.041,N
323,295,COLESEVELAM HCL,Cholesterol - Lipids Misc,424,1296,352185.11,0.000,0.06,169.73,10.09,0.036,408,1327,370000.55,-0.112,-0.041,-0.148,-0.048,N
324,543,EMFLAZA,Inflammatory - Corticosteroids,3,24,351603.92,0.000,0.06,14650.16,150.00,0.010,1,12,138064.86,0.791,0.273,1.280,1.547,Y
325,315,VIBERZI,Bowel Disease,53,188,351384.39,0.000,0.06,1291.85,118.27,0.060,51,189,341922.89,-0.177,0.118,-0.080,0.028,N
326,321,MULTAQ,Heart Disorders,95,385,350393.95,0.000,0.06,631.34,97.02,0.096,90,370,338441.42,-0.110,0.041,-0.073,0.035,N
327,600,RADICAVA ORS,Neurological Disorders,5,28,349529.82,0.000,0.06,12483.21,1650.90,0.117,2,8,113646.75,2.133,-0.121,1.753,2.076,Y
328,219,FLOWFLEX COVID-19 AG HOME TEST,Diagnostic Agents,3702,4426,349110.18,0.000,0.06,78.88,0.00,0.000,6958,10006,566219.61,-0.604,0.394,-0.448,-0.383,N
329,273,ESTRADIOL-NORETHINDRONE ACETAT,Hormone Therapy,931,3918,342610.07,0.000,0.06,44.45,10.10,0.104,819,3682,423613.42,-0.001,-0.275,-0.276,-0.191,N
330,405,AMBRISENTAN,Pulmonary Hypertension,5,52,341696.24,0.000,0.06,6571.08,39.91,0.006,4,35,224832.38,0.330,0.023,0.361,0.520,Y
331,310,ORILISSA,Infertility,68,284,337906.36,0.000,0.06,968.21,67.62,0.054,91,323,350119.46,-0.176,0.048,-0.136,-0.035,Y
332,360,LIVMARLI,Gastrointestinal Disorders,1,12,337865.84,0.000,0.06,28155.49,208.33,0.007,1,11,280485.94,-0.023,0.104,0.078,0.205,Y
333,374,TRIJARDY XR,Diabetes,92,479,337850.42,0.000,0.06,461.54,43.86,0.059,82,369,255119.04,0.181,0.004,0.186,0.324,N
334,259,ARIPIPRAZOLE,Psychiatric Disorders,2192,9504,332304.19,0.000,0.06,24.30,9.72,0.217,2164,8961,450347.20,-0.067,-0.292,-0.339,-0.262,N
335,327,BUPRENORPHINE,Pain - Opioids,141,916,331179.46,0.000,0.06,361.55,7.84,0.021,139,911,332846.07,-0.100,-0.010,-0.109,-0.005,N
336,141,UNCLASSIFIED,Miscellaneous,80,94,330178.53,0.000,0.06,3512.54,57.88,0.016,61,104,934467.42,-0.191,-0.609,-0.684,-0.647,Y
337,238,XOFLUZA,Viral Infection - Misc,3375,3477,327693.07,0.000,0.06,94.25,59.94,0.389,5239,5358,500446.52,-0.419,0.009,-0.414,-0.345,N
338,506,CEFDINIR,Bacterial Infections,26038,32388,327347.06,0.000,0.06,10.10,6.27,0.383,25362,31797,159124.94,-0.088,1.019,0.842,1.057,N
339,342,CLOBETASOL PROPIONATE,Skin - Inflammation,6392,10510,325835.53,0.000,0.06,30.69,9.04,0.226,5685,9485,310814.54,-0.009,-0.053,-0.061,0.048,N
340,408,LOSARTAN-HYDROCHLOROTHIAZIDE,Hypertension,4944,20050,323595.57,0.000,0.06,7.53,11.21,0.410,4635,18298,222287.02,0.007,0.294,0.303,0.456,N
341,488,XYOSTED,Hormone Therapy,97,597,322236.01,0.000,0.06,457.07,136.84,0.202,59,362,170140.15,0.441,0.177,0.696,0.894,N
342,372,VOTRIENT,Oncology,4,31,321467.21,0.000,0.06,10369.91,2253.58,0.179,3,24,260780.22,0.156,-0.046,0.104,0.233,Y
343,290,PREMPRO,Hormone Therapy,242,1293,318592.74,0.000,0.06,163.63,84.94,0.256,318,1679,377850.90,-0.282,0.051,-0.245,-0.157,N
344,260,HUMULIN R U-500 KWIKPEN,Diabetes,47,210,318113.36,0.000,0.06,1063.92,49.02,0.031,51,268,450141.31,-0.282,-0.118,-0.367,-0.293,N
345,185,DIMETHYL FUMARATE,Multiple Sclerosis,37,337,317714.53,0.000,0.06,942.77,18.60,0.019,41,356,706278.90,-0.153,-0.525,-0.597,-0.550,Y
346,224,OSELTAMIVIR PHOSPHATE,Viral Infection - Misc,11815,12226,316605.32,0.000,0.06,25.90,7.53,0.225,19499,20214,554087.42,-0.459,-0.055,-0.488,-0.429,N
347,466,TROGARZO,HIV Infection,2,26,315661.17,0.000,0.06,12140.81,148.06,0.012,2,16,182790.12,0.455,0.063,0.546,0.727,Y
348,400,EVENITY,Osteoporosis,39,205,315207.00,0.000,0.06,1537.60,796.21,0.341,28,145,228184.24,0.266,-0.023,0.237,0.381,Y
349,403,ICLUSIG,Oncology,2,17,313894.17,0.000,0.06,18464.36,1432.02,0.072,2,13,226642.25,0.171,0.059,0.240,0.385,Y
350,329,COPAXONE,Multiple Sclerosis,10,65,313650.06,0.000,0.06,4825.39,939.99,0.163,9,65,329905.64,-0.105,-0.049,-0.149,-0.049,Y
351,458,BOSULIF,Oncology,5,38,312771.92,0.000,0.06,8230.84,1201.01,0.127,3,19,187124.73,0.790,-0.164,0.496,0.671,Y
352,207,BINAXNOW COVID-19 AG SELF TEST,Diagnostic Agents,3381,3713,308970.09,0.000,0.05,83.21,0.03,0.000,7831,9728,621643.82,-0.659,0.303,-0.555,-0.503,N
353,351,OXYCONTIN,Pain - Opioids,84,656,307424.84,0.000,0.05,468.64,46.72,0.091,94,683,298141.98,-0.140,0.074,-0.077,0.031,N
354,"1,193",SORAFENIB,Oncology,6,44,307231.29,0.000,0.05,6982.53,310.86,0.043,2,3,21992.81,12.129,-0.048,11.506,12.970,Y
355,612,LIBTAYO,Oncology,5,43,307152.70,0.000,0.05,7143.09,2321.16,0.245,1,13,109544.40,1.961,-0.152,1.510,1.804,Y
356,0,OGIVRI,Oncology,25,200,306859.62,0.000,0.05,1534.30,996.14,0.394,0,0,0.00,,,,,Y
357,300,NUCYNTA ER,Pain - Opioids,30,316,306219.49,0.000,0.05,969.05,51.02,0.050,45,395,365092.61,-0.295,0.064,-0.249,-0.161,N
358,364,POTASSIUM CHLORIDE,Electrolyte Balance,4415,13841,305705.72,0.000,0.05,12.00,8.72,0.283,4313,14010,275426.75,-0.105,0.110,-0.006,0.110,N
359,386,AVEED,Hormone Therapy,62,224,302079.38,0.000,0.05,1227.96,33.55,0.024,51,196,246398.40,0.112,-0.013,0.098,0.226,Y
360,274,XOSPATA,Oncology,2,15,299351.73,0.000,0.05,19956.78,924.77,0.044,4,21,418183.97,-0.361,0.002,-0.359,-0.284,Y
361,591,GEMTESA,Incontinence - Anticholinergic,141,383,297800.30,0.000,0.05,376.49,112.54,0.126,72,207,118589.90,1.139,0.051,1.248,1.511,N
362,345,FYCOMPA,Anti-Convulsants,27,211,296929.61,0.000,0.05,1112.10,54.20,0.037,33,247,306075.85,-0.173,0.050,-0.131,-0.030,N
363,288,EUCRISA,Skin - Inflammation,288,441,296778.65,0.000,0.05,663.93,83.67,0.111,431,601,383206.90,-0.339,0.048,-0.307,-0.226,N
364,"1,156",RELYVRIO,Neurological Disorders,6,29,295216.79,0.000,0.05,10179.89,2408.28,0.191,2,3,23801.86,7.653,0.283,10.104,11.403,Y
365,503,SPIRONOLACTONE,Fluid Retention,7419,27090,294258.73,0.000,0.05,5.95,8.30,0.433,6781,24158,160239.14,0.006,0.635,0.644,0.836,N
366,257,QVAR REDIHALER,Asthma - COPD,552,1345,288433.53,0.000,0.05,194.76,45.15,0.174,947,2197,459794.02,-0.476,0.072,-0.438,-0.373,N
367,261,GAZYVA,Oncology,10,41,287125.34,0.000,0.05,7003.06,2162.05,0.236,13,65,447942.50,-0.435,0.016,-0.426,-0.359,Y
368,652,ESTRADIOL,Hormone Therapy,5437,21925,285840.46,0.000,0.05,6.59,7.81,0.375,5282,20972,99622.62,-0.052,1.710,1.569,1.869,N
369,418,BROMPHENIRAMINE-PSEUDOEPHED-DM,Cough - Cold,18694,21578,284946.51,0.000,0.05,13.21,6.09,0.316,22587,26558,213490.76,-0.273,0.643,0.195,0.335,N
370,387,NP THYROID,Endocrine Disorders,1732,8071,284040.31,0.000,0.05,20.35,17.75,0.335,1332,6063,242533.25,0.130,-0.072,0.048,0.171,N
371,415,DOTTI,Hormone Therapy,702,2855,282560.59,0.000,0.05,66.39,8.01,0.075,530,2268,216701.03,0.130,0.033,0.167,0.304,N
372,318,KINERET,Inflammatory Disorder,11,77,279216.48,0.000,0.05,3534.39,999.81,0.216,15,89,339715.06,-0.205,-0.074,-0.264,-0.178,Y
373,289,PULMOZYME,Lung Disorders,16,95,276870.46,0.000,0.05,2914.43,1032.53,0.262,17,109,378681.77,-0.220,-0.161,-0.345,-0.269,Y
374,280,SPINRAZA,Neuromuscular Disorders,1,5,275603.77,0.000,0.05,55120.75,739.00,0.013,1,5,403485.60,-0.105,-0.317,-0.388,-0.317,Y
375,278,LORBRENA,Oncology,2,15,274754.70,0.000,0.05,18316.98,3295.47,0.152,4,25,407009.65,-0.463,0.125,-0.396,-0.325,Y
376,413,DROSPIRENONE-ETHINYL ESTRADIOL,Contraceptives,1365,5299,272504.22,0.000,0.05,26.89,0.04,0.001,1279,5233,217826.37,-0.050,0.179,0.120,0.251,N
377,324,HYQVIA,Immunological Disorders,5,64,270190.21,0.000,0.05,4221.72,1605.45,0.276,7,88,337361.43,-0.349,0.101,-0.283,-0.199,Y
378,349,NEBIVOLOL HCL,Hypertension,1619,6698,268507.30,0.000,0.05,19.39,12.55,0.238,1454,6048,299090.78,-0.007,-0.191,-0.196,-0.102,N
379,607,RELISTOR,Constipation,33,114,268386.26,0.000,0.05,2354.27,81.99,0.034,22,56,111212.87,0.822,0.185,1.160,1.413,N
380,575,REBLOZYL,Blood Cell Disorders,1,10,267679.51,0.000,0.05,26767.95,340.79,0.013,1,4,124407.98,1.238,-0.139,0.926,1.152,Y
381,616,WINLEVI,Acne,408,609,266565.44,0.000,0.05,433.44,112.70,0.205,213,282,108743.56,0.952,0.124,1.195,1.451,N
382,381,ABILIFY MAINTENA,Psychiatric Disorders,17,111,265367.18,0.000,0.05,2390.70,96.57,0.039,16,113,250676.75,-0.136,0.097,-0.052,0.059,Y
383,467,PRAVASTATIN SODIUM,Cholesterol - Statins,4240,16095,265277.54,0.000,0.05,7.54,1.70,0.094,4590,17673,182557.81,-0.174,0.575,0.301,0.453,N
384,0,POTELIGEO,Oncology,1,10,260766.00,0.000,0.05,26076.60,0.00,0.000,0,0,0.00,,,,,Y
385,430,FIASP FLEXTOUCH,Diabetes,84,288,259285.79,0.000,0.05,550.50,76.32,0.078,72,223,205712.95,0.116,0.012,0.128,0.260,N
386,803,ZEPZELCA,Oncology,4,21,258446.56,0.000,0.05,12306.98,1767.86,0.126,1,12,63368.00,0.567,1.331,2.651,3.079,Y
387,366,MYCOPHENOLIC ACID,Immunological Disorders,79,426,257603.88,0.000,0.05,377.17,11.51,0.019,74,405,272847.98,-0.064,-0.097,-0.155,-0.056,N
388,336,FLUOXETINE HCL,Depression,8615,36721,257311.03,0.000,0.05,3.94,5.76,0.451,8106,34484,319496.57,-0.044,-0.246,-0.279,-0.195,N
389,304,FEBUXOSTAT,Gout,231,900,256996.08,0.000,0.05,138.69,14.55,0.048,236,1008,358890.92,-0.175,-0.223,-0.359,-0.284,N
390,"1,258",VABYSMO,Eye Disorders,32,140,256108.95,0.000,0.05,1829.35,410.02,0.183,4,10,19057.52,11.534,-0.040,11.031,12.439,Y
391,385,HERCEPTIN,Oncology,2,17,255435.94,0.000,0.05,15025.64,30.52,0.002,2,18,246657.12,-0.154,0.097,-0.073,0.036,Y
392,529,VALSARTAN,Hypertension,2331,9308,255228.44,0.000,0.05,13.07,10.02,0.268,2019,7918,144484.79,0.091,0.450,0.581,0.766,N
393,317,ANORO ELLIPTA,Asthma - COPD,122,535,255044.73,0.000,0.05,396.65,50.21,0.095,162,720,340426.83,-0.346,0.025,-0.329,-0.251,N
394,"1,086",NUZYRA,Bacterial Infections,17,30,253875.73,0.000,0.04,8462.52,151.08,0.018,4,6,28357.30,3.476,0.791,7.015,7.953,N
395,484,CYCLOSPORINE,Eye Disorders,246,358,252302.48,0.000,0.04,380.55,8.43,0.012,158,237,173918.03,0.484,-0.125,0.299,0.451,N
396,424,URSODIOL,Gastrointestinal Disorders,264,841,251366.52,0.000,0.04,171.11,21.59,0.067,223,736,211094.09,0.030,0.035,0.066,0.191,N
397,244,ABIRATERONE ACETATE,Oncology,33,248,251346.37,0.000,0.04,1013.49,53.88,0.050,26,174,479620.84,0.276,-0.632,-0.531,-0.476,Y
398,528,AMOXICILLIN-CLAVULANATE POTASS,Bacterial Infections,47226,58956,250773.78,0.000,0.04,4.25,5.05,0.543,39862,49143,144741.22,0.074,0.444,0.551,0.733,N
399,433,EGRIFTA SV,Growth Disorders,5,39,250283.69,0.000,0.04,6417.53,478.55,0.069,5,32,203856.19,0.027,0.070,0.099,0.228,Y
400,363,ORENITRAM ER,Pulmonary Hypertension,2,22,249828.84,0.000,0.04,11355.86,4663.39,0.291,2,30,276511.29,-0.343,0.232,-0.191,-0.096,Y
401,370,SOMAVERT,Growth Disorders,3,26,248929.32,0.000,0.04,9574.20,2862.12,0.230,3,27,269478.98,-0.138,-0.041,-0.173,-0.076,Y
402,470,SLYND,Contraceptives,287,1074,247868.92,0.000,0.04,158.18,36.20,0.136,215,772,181314.20,0.222,0.002,0.224,0.367,N
403,"1,134",KOVALTRY,Bleeding Disorders,1,23,247804.23,0.000,0.04,10774.10,869.57,0.075,2,13,25361.98,0.584,4.523,7.747,8.771,Y
404,441,LOSARTAN POTASSIUM,Hypertension,15857,63535,247726.16,0.000,0.04,1.80,7.45,0.657,15126,60099,197147.17,-0.043,0.176,0.125,0.257,N
405,256,ESOMEPRAZOLE MAGNESIUM,Proton Pump Inhibitors,2210,5550,247025.20,0.000,0.04,23.90,8.78,0.165,2868,12012,460382.28,-0.583,0.151,-0.520,-0.463,N
406,472,FIASP,Diabetes,48,217,246326.59,0.000,0.04,623.61,95.05,0.077,49,153,180421.02,0.123,0.089,0.222,0.365,N
407,373,ALPROLIX,Bleeding Disorders,2,27,245712.45,0.000,0.04,9100.46,964.37,0.096,1,24,258216.65,0.007,-0.154,-0.148,-0.048,Y
408,454,LOTEPREDNOL ETABONATE,Eye Disorders,833,1165,245119.41,0.000,0.04,207.03,8.91,0.041,709,935,189008.11,0.112,0.044,0.161,0.297,N
409,397,LYUMJEV KWIKPEN U-100,Diabetes,94,329,244939.46,0.000,0.04,557.95,39.03,0.050,78,314,229792.20,-0.010,-0.036,-0.046,0.066,N
410,426,COMBIPATCH,Hormone Therapy,226,969,244147.27,0.000,0.04,180.72,60.31,0.193,197,856,210020.73,0.006,0.034,0.041,0.162,N
411,330,EVRYSDI,Neuromuscular Disorders,1,15,243764.40,0.000,0.04,16250.96,6964.70,0.300,1,16,328177.84,-0.161,-0.208,-0.335,-0.257,Y
412,369,PREMARIN,Vaginal Disorders,447,674,242163.17,0.000,0.04,211.31,70.00,0.163,504,775,269934.41,-0.167,-0.036,-0.197,-0.103,N
413,298,TUKYSA,Oncology,3,13,237304.99,0.000,0.04,18254.23,3540.75,0.162,5,39,367341.03,-0.702,0.938,-0.422,-0.354,Y
414,451,CLARAVIS,Acne,512,1364,237173.56,0.000,0.04,173.88,10.32,0.056,457,1249,190538.06,-0.022,0.140,0.114,0.245,N
415,291,PREZISTA,HIV Infection,19,84,237140.91,0.000,0.04,1927.97,119.58,0.041,25,142,376084.01,-0.465,0.056,-0.435,-0.369,N
416,309,VALSARTAN-HYDROCHLOROTHIAZIDE,Hypertension,1529,6177,237040.23,0.000,0.04,17.36,10.50,0.215,1487,6022,350180.09,-0.078,-0.343,-0.394,-0.323,N
417,619,ERBITUX,Oncology,6,78,237015.95,0.000,0.04,3038.67,591.16,0.163,6,39,108134.32,0.791,0.096,0.962,1.192,Y
418,352,AURYXIA,Electrolyte Balance,46,175,236217.66,0.000,0.04,1098.69,69.95,0.049,51,211,297424.31,-0.274,-0.021,-0.289,-0.206,N
419,265,SUPPRELIN LA,Oncology,3,3,235951.50,0.000,0.04,47190.30,1179.56,0.015,6,8,442577.52,-0.552,0.066,-0.523,-0.467,Y
420,496,ZENATANE,Acne,477,1285,234689.80,0.000,0.04,182.64,7.32,0.039,327,978,164489.39,0.176,0.086,0.277,0.427,N
421,328,VIVITROL,Chemical Dependency,55,179,234681.67,0.000,0.04,1311.07,182.88,0.122,64,253,330677.28,-0.367,0.003,-0.365,-0.290,Y
422,449,MYCOPHENOLATE MOFETIL,Immunological Disorders,412,1839,233789.15,0.000,0.04,75.37,9.04,0.066,379,1754,192318.67,-0.056,0.153,0.088,0.216,N
423,377,LILETTA,Contraceptives,271,278,233611.74,0.000,0.04,840.33,12.28,0.014,299,300,253605.12,-0.170,-0.006,-0.175,-0.079,Y
424,504,PROVENGE,Oncology,2,3,233460.00,0.000,0.04,77820.00,0.00,0.000,1,3,160217.01,-0.105,0.457,0.305,0.457,Y
425,404,MEKINIST,Oncology,7,30,232369.87,0.000,0.04,7745.66,2377.09,0.235,5,29,226505.75,-0.074,-0.008,-0.082,0.026,Y
426,620,ESCITALOPRAM OXALATE,Depression,15658,61965,231188.97,0.000,0.04,1.99,6.33,0.629,15327,60432,107987.68,-0.070,1.062,0.917,1.141,N
427,407,VARENICLINE TARTRATE,Smoking Cessation,249,613,231032.48,0.000,0.04,323.57,4.47,0.012,255,592,223507.83,-0.074,-0.001,-0.075,0.034,N
428,498,GABAPENTIN,Anti-Convulsants,11475,41531,230497.69,0.000,0.04,4.26,5.79,0.511,11057,41607,162793.67,-0.113,0.429,0.268,0.416,N
429,763,VYVGART,Neuromuscular Disorders,2,32,230069.08,0.000,0.04,7189.66,68.61,0.009,1,4,71976.00,6.162,-0.600,1.862,2.196,Y
430,532,LORYNA,Contraceptives,1017,3532,227939.49,0.000,0.04,30.08,0.03,0.001,756,2825,142256.61,0.170,0.226,0.434,0.602,N
431,485,OLMESARTAN-HYDROCHLOROTHIAZIDE,Hypertension,1222,4863,227596.80,0.000,0.04,21.68,13.04,0.218,1139,4320,173456.31,-0.025,0.205,0.175,0.312,N
432,478,XGEVA,Osteoporosis,10,42,225662.55,0.000,0.04,5372.92,93.64,0.017,8,38,178444.72,-0.011,0.144,0.132,0.265,Y
433,332,ADVATE,Bleeding Disorders,8,49,225523.79,0.000,0.04,4602.53,837.43,0.154,13,73,325351.20,-0.399,0.033,-0.379,-0.307,Y
434,384,COLCHICINE,Gout,2122,4793,224433.43,0.000,0.04,36.11,9.49,0.168,1994,4406,247700.43,-0.022,-0.171,-0.189,-0.094,N
435,"1,575",BIVIGAM,Immunological Disorders,3,28,224336.40,0.000,0.04,8012.01,0.00,0.000,1,1,8458.80,24.061,-0.053,22.743,25.521,Y
436,355,APTIOM,Anti-Convulsants,17,112,222519.74,0.000,0.04,1444.93,68.78,0.033,25,204,292009.90,-0.395,0.128,-0.318,-0.238,N
437,659,QELBREE,Attention Deficit,144,494,222505.26,0.000,0.04,389.00,74.02,0.141,84,241,98014.71,0.890,0.076,1.032,1.270,N
438,758,SUCRALFATE,Acid Reflux - Ulcers - Misc,3017,5215,221986.52,0.000,0.04,37.08,6.50,0.132,2706,4590,72879.35,-0.002,1.734,1.727,2.046,N
439,390,ELURYNG,Contraceptives,314,1168,221928.65,0.000,0.04,109.81,0.02,0.000,439,1203,237493.78,-0.147,-0.019,-0.163,-0.066,N
440,507,KEVZARA,Inflammatory Disorder,15,67,220997.99,0.000,0.04,3298.48,783.84,0.192,7,54,158922.17,0.111,0.121,0.245,0.391,Y
441,999,MOZOBIL,Blood Cell Disorders,5,7,220849.31,0.000,0.04,31549.90,204.34,0.006,2,3,35563.45,1.089,1.661,4.560,5.210,Y
442,801,KORLYM,Endocrine Disorders,2,5,216900.51,0.000,0.04,43380.10,150.00,0.003,1,2,63553.13,1.238,0.365,2.055,2.413,Y
443,401,LONSURF,Oncology,3,15,216394.64,0.000,0.04,14426.31,2854.93,0.165,4,28,227960.75,-0.520,0.772,-0.150,-0.051,Y
444,584,METHYLPREDNISOLONE,Inflammatory - Corticosteroids,39849,50426,215371.23,0.000,0.04,4.27,5.52,0.564,38477,48317,120706.87,-0.066,0.710,0.597,0.784,N
445,414,T:SLIM X2 CONTROL-IQ,Diabetic Testing,22,22,214986.53,0.000,0.04,9772.12,35.68,0.004,22,22,216874.24,-0.105,-0.009,-0.113,-0.009,N
446,547,ZAFEMY,Contraceptives,387,1418,213210.32,0.000,0.04,106.93,0.04,0.000,284,909,135320.91,0.494,-0.056,0.411,0.576,N
447,391,ELMIRON,Urological Disorders,45,247,212292.93,0.000,0.04,807.20,43.26,0.048,57,303,236013.23,-0.262,0.091,-0.195,-0.101,N
448,738,POLIVY,Oncology,2,8,212187.50,0.000,0.04,26523.44,0.00,0.000,1,5,76420.93,0.432,0.735,1.486,1.777,Y
449,344,AVONEX,Multiple Sclerosis,4,34,212001.68,0.000,0.04,6235.34,1466.75,0.190,6,57,306566.18,-0.466,0.159,-0.381,-0.308,Y
450,565,TRAZODONE HCL,Depression,10610,37735,211840.75,0.000,0.04,3.23,5.39,0.490,9771,34448,127935.14,-0.025,0.521,0.482,0.656,N
451,784,ERIVEDGE,Oncology,4,24,211546.18,0.000,0.04,8814.42,3522.83,0.286,2,7,66023.49,2.069,-0.065,1.868,2.204,Y
452,452,HUMATE-P,Bleeding Disorders,13,41,211059.39,0.000,0.04,5147.79,707.37,0.121,5,21,190242.05,0.748,-0.432,-0.007,0.109,Y
453,541,BUSPIRONE HCL,Anxiety,8110,26286,210313.28,0.000,0.04,5.32,6.32,0.441,7176,23359,138784.14,0.031,0.316,0.357,0.515,N
454,554,XCOPRI,Anti-Convulsants,23,165,210229.21,0.000,0.04,1136.37,67.74,0.050,14,107,131428.28,0.369,0.046,0.432,0.600,N
455,437,VEMLIDY,Viral Infection - Misc,21,125,209888.24,0.000,0.04,1272.05,95.05,0.054,20,131,199516.10,-0.126,0.077,-0.058,0.052,N
456,596,TAVNEOS,Blood Cell Disorders,2,15,209558.92,0.000,0.04,13970.59,727.64,0.050,2,9,115280.73,0.492,0.091,0.627,0.818,Y
457,380,FORTEO,Osteoporosis,12,65,209412.89,0.000,0.04,3221.74,890.98,0.217,14,77,251086.56,-0.244,-0.012,-0.253,-0.166,Y
458,463,BAQSIMI,Diabetes,316,466,209351.02,0.000,0.04,437.97,32.42,0.067,269,405,183448.15,0.019,0.003,0.022,0.141,N
459,443,OLMESARTAN MEDOXOMIL,Hypertension,2230,8572,209345.92,0.000,0.04,11.28,12.94,0.346,2003,7723,195209.89,0.021,-0.060,-0.040,0.072,N
460,512,TAXOTERE,Oncology,90,368,209065.58,0.000,0.04,568.11,8.00,0.014,86,401,154925.02,-0.178,0.470,0.208,0.349,Y
461,337,OXALIPLATIN,Oncology,104,911,207976.14,0.000,0.04,228.29,1.09,0.005,107,1035,318953.79,-0.212,-0.259,-0.416,-0.348,Y
462,"1,582",ARRANON,Oncology,1,10,207397.96,0.000,0.04,20739.80,47.05,0.002,1,1,8372.32,7.950,1.477,21.177,23.772,Y
463,479,LIDOCAINE,Anesthesia,1507,2973,206949.94,0.000,0.04,68.37,6.55,0.086,1406,2878,177966.05,-0.076,0.126,0.041,0.163,N
464,320,SILDENAFIL CITRATE,Erectile Dysfunction,1181,4091,206628.72,0.000,0.04,47.35,14.65,0.225,1139,3681,338498.69,-0.015,-0.445,-0.454,-0.390,N
465,435,ISENTRESS,HIV Infection,20,67,206566.52,0.000,0.04,1828.02,68.54,0.022,22,95,201059.77,-0.210,0.164,-0.080,0.027,N
466,610,AZITHROMYCIN,Bacterial Infections,56818,73562,206511.27,0.000,0.04,2.80,3.55,0.558,60773,81145,110190.83,-0.188,1.067,0.678,0.874,N
467,570,VALTOCO,Anti-Convulsants,162,264,205780.89,0.000,0.04,779.47,68.62,0.081,119,180,125079.86,0.313,0.122,0.473,0.645,N
468,396,TOLTERODINE TARTRATE ER,Incontinence - Anticholinergic,425,1453,205548.21,0.000,0.04,75.10,10.54,0.069,446,1614,230669.86,-0.167,-0.042,-0.202,-0.109,N
469,319,MOMETASONE FUROATE,Allergies,660,1252,204477.41,0.000,0.04,87.91,18.87,0.104,1698,3355,339321.87,-0.586,0.302,-0.461,-0.397,N
470,456,NANO 2ND GEN PEN NEEDLE,Supplies,1172,2706,201165.56,0.000,0.04,40.35,13.53,0.154,1168,2778,188210.51,-0.128,0.098,-0.043,0.069,N
471,495,OLMESARTAN-AMLODIPINE-HCTZ,Hypertension,273,1043,200844.53,0.000,0.04,92.77,14.27,0.069,248,920,165009.67,-0.040,0.135,0.090,0.217,N
472,269,VELCADE,Oncology,31,652,198894.17,0.000,0.04,305.05,3.48,0.011,23,470,435455.43,0.242,-0.671,-0.591,-0.543,Y
473,423,DAPSONE,Acne,290,471,198274.72,0.000,0.04,388.01,23.88,0.054,319,466,211163.33,-0.070,-0.096,-0.159,-0.061,N
474,431,CARVEDILOL ER,Hypertension,96,444,197234.70,0.000,0.03,219.64,13.27,0.029,106,426,205424.57,-0.150,0.011,-0.140,-0.040,N
475,420,FINTEPLA,Anti-Convulsants,3,28,197206.58,0.000,0.03,7043.09,3016.41,0.300,2,23,213083.46,0.090,-0.240,-0.171,-0.075,Y
476,497,LACOSAMIDE,Anti-Convulsants,247,1672,196687.23,0.000,0.03,92.08,9.43,0.074,192,1008,163735.85,0.521,-0.293,0.075,0.201,N
477,276,ZIEXTENZO,Blood Cell Disorders,16,60,196105.69,0.000,0.03,3268.43,437.10,0.118,30,109,408411.08,-0.507,-0.128,-0.570,-0.520,Y
478,422,LEVEMIR,Diabetes,78,314,195179.50,0.000,0.03,466.94,43.95,0.066,87,346,211853.14,-0.195,0.025,-0.175,-0.079,N
479,323,PREGABALIN,Anti-Convulsants,2582,10619,194976.57,0.000,0.03,15.34,8.08,0.306,2303,9595,337777.58,-0.037,-0.464,-0.483,-0.423,N
480,425,HUMULIN R U-500,Diabetes,21,99,194743.29,0.000,0.03,1194.74,49.24,0.024,23,126,210361.80,-0.207,0.045,-0.171,-0.074,N
481,492,APLENZIN,Depression,8,49,194389.49,0.000,0.03,2901.34,139.80,0.034,7,40,168068.45,-0.091,0.139,0.035,0.157,N
482,308,NINLARO,Oncology,3,19,193625.33,0.000,0.03,10190.81,1939.42,0.160,4,34,351576.82,-0.500,-0.014,-0.507,-0.449,Y
483,383,LUBIPROSTONE,Constipation,236,617,192363.16,0.000,0.03,205.08,10.96,0.034,176,546,249315.22,-0.084,-0.246,-0.309,-0.228,N
484,242,CAPECITABINE,Oncology,69,322,191722.16,0.000,0.03,595.41,5.71,0.010,88,427,486144.23,-0.325,-0.477,-0.647,-0.606,Y
485,393,NUCYNTA,Pain - Opioids,53,302,190829.25,0.000,0.03,631.88,56.08,0.082,68,387,235387.57,-0.301,0.039,-0.274,-0.189,N
486,353,VELPHORO,Electrolyte Balance,22,66,187483.95,0.000,0.03,2466.89,56.16,0.019,25,82,296102.52,-0.393,-0.067,-0.433,-0.367,N
487,540,SARCLISA,Oncology,2,55,187235.70,0.000,0.03,3404.29,454.55,0.118,2,30,138873.88,0.641,-0.265,0.207,0.348,Y
488,459,ESTROGEN-METHYLTESTOSTERONE,Hormone Therapy,310,1593,187044.10,0.000,0.03,83.95,7.21,0.058,308,1653,186014.93,-0.089,-0.012,-0.100,0.006,N
489,0,VIJOICE,Enzyme Deficiency,3,7,186841.77,0.000,0.03,26691.68,4458.26,0.143,0,0,0.00,,,,,Y
490,450,ENOXAPARIN SODIUM,Anticoagulation,712,1224,186078.00,0.000,0.03,150.06,9.25,0.057,711,1221,191298.34,-0.098,-0.034,-0.129,-0.027,N
491,465,ARMOUR THYROID,Endocrine Disorders,1501,7333,185850.94,0.000,0.03,13.15,41.66,0.622,1680,7867,182825.23,-0.192,0.127,-0.090,0.017,N
492,514,QUILLIVANT XR,Attention Deficit,86,424,184425.73,0.000,0.03,418.20,52.66,0.108,80,371,153213.54,0.044,0.032,0.078,0.204,N
493,471,NOVOLOG MIX 70-30 FLEXPEN,Diabetes,30,115,184372.14,0.000,0.03,873.80,100.46,0.059,34,124,180899.32,-0.153,0.077,-0.088,0.019,N
494,525,BRIMONIDINE TARTRATE-TIMOLOL,Glaucoma,228,892,183964.19,0.000,0.03,140.32,14.14,0.064,199,609,146112.20,0.320,-0.146,0.127,0.259,N
495,434,UCERIS,Inflammatory - Corticosteroids,39,97,182298.78,0.000,0.03,1642.33,13.83,0.007,50,108,201699.19,-0.172,-0.023,-0.191,-0.096,N
496,778,LEQVIO,Cholesterol - PCSK9,32,49,182130.50,0.000,0.03,3716.95,171.21,0.044,14,19,66935.18,1.309,0.055,1.436,1.721,Y
497,438,STIOLTO RESPIMAT,Asthma - COPD,91,357,181759.88,0.000,0.03,390.88,56.09,0.099,91,412,198658.69,-0.203,0.027,-0.181,-0.085,N
498,517,AMLODIPINE BESYLATE-BENAZEPRIL,Hypertension,1891,7768,181658.02,0.000,0.03,10.24,9.44,0.288,1981,8312,151413.57,-0.150,0.263,0.074,0.200,N
499,640,BESREMI,Immunological Disorders,1,13,180295.27,0.000,0.03,13868.87,652.77,0.045,1,9,102485.38,0.293,0.218,0.575,0.759,Y
500,487,SUMATRIPTAN SUCCINATE,Migraine,4087,13182,180074.85,0.000,0.03,13.44,5.19,0.275,4074,13004,170211.98,-0.100,0.052,-0.053,0.058,N